-- MySQL dump 10.13  Distrib 8.0.22, for Win64 (x86_64)
--
-- Host: localhost    Database: payment_servlet
-- ------------------------------------------------------
-- Server version	8.0.22

/*!40101 SET @OLD_CHARACTER_SET_CLIENT=@@CHARACTER_SET_CLIENT */;
/*!40101 SET @OLD_CHARACTER_SET_RESULTS=@@CHARACTER_SET_RESULTS */;
/*!40101 SET @OLD_COLLATION_CONNECTION=@@COLLATION_CONNECTION */;
/*!50503 SET NAMES utf8 */;
/*!40103 SET @OLD_TIME_ZONE=@@TIME_ZONE */;
/*!40103 SET TIME_ZONE='+00:00' */;
/*!40014 SET @OLD_UNIQUE_CHECKS=@@UNIQUE_CHECKS, UNIQUE_CHECKS=0 */;
/*!40014 SET @OLD_FOREIGN_KEY_CHECKS=@@FOREIGN_KEY_CHECKS, FOREIGN_KEY_CHECKS=0 */;
/*!40101 SET @OLD_SQL_MODE=@@SQL_MODE, SQL_MODE='NO_AUTO_VALUE_ON_ZERO' */;
/*!40111 SET @OLD_SQL_NOTES=@@SQL_NOTES, SQL_NOTES=0 */;

--
-- Table structure for table `account`
--

DROP TABLE IF EXISTS `account`;
/*!40101 SET @saved_cs_client     = @@character_set_client */;
/*!50503 SET character_set_client = utf8mb4 */;
CREATE TABLE `account` (
  `id` int NOT NULL AUTO_INCREMENT,
  `name` varchar(45) NOT NULL,
  `number` varchar(45) NOT NULL,
  `costs` bigint NOT NULL,
  `blocked` tinyint NOT NULL,
  `uid` int NOT NULL,
  PRIMARY KEY (`id`),
  UNIQUE KEY `id_UNIQUE` (`id`),
  UNIQUE KEY `number_UNIQUE` (`number`),
  KEY `user_to_account_idx` (`uid`),
  CONSTRAINT `user_to_account` FOREIGN KEY (`uid`) REFERENCES `user` (`id`) ON DELETE CASCADE ON UPDATE CASCADE
) ENGINE=InnoDB AUTO_INCREMENT=6 DEFAULT CHARSET=utf8;
/*!40101 SET character_set_client = @saved_cs_client */;

--
-- Dumping data for table `account`
--

LOCK TABLES `account` WRITE;
/*!40000 ALTER TABLE `account` DISABLE KEYS */;
INSERT INTO `account` VALUES (1,'aaaaaa','12345678',211,0,1),(3,'','',0,0,1),(5,'My account','12345673',0,0,9);
/*!40000 ALTER TABLE `account` ENABLE KEYS */;
UNLOCK TABLES;

--
-- Table structure for table `credit_card`
--

DROP TABLE IF EXISTS `credit_card`;
/*!40101 SET @saved_cs_client     = @@character_set_client */;
/*!50503 SET character_set_client = utf8mb4 */;
CREATE TABLE `credit_card` (
  `id` int NOT NULL AUTO_INCREMENT,
  `number` bigint DEFAULT NULL,
  `cvv` int DEFAULT NULL,
  `end_date` date DEFAULT NULL,
  `pin` int DEFAULT NULL,
  `account_id` int DEFAULT NULL,
  `card_type` varchar(45) DEFAULT NULL,
  PRIMARY KEY (`id`),
  UNIQUE KEY `id_UNIQUE` (`id`),
  KEY `account_card_idx` (`account_id`),
  CONSTRAINT `account_card` FOREIGN KEY (`account_id`) REFERENCES `account` (`id`) ON DELETE CASCADE ON UPDATE CASCADE
) ENGINE=InnoDB AUTO_INCREMENT=10 DEFAULT CHARSET=utf8;
/*!40101 SET character_set_client = @saved_cs_client */;

--
-- Dumping data for table `credit_card`
--

LOCK TABLES `credit_card` WRITE;
/*!40000 ALTER TABLE `credit_card` DISABLE KEYS */;
INSERT INTO `credit_card` VALUES (7,1000000000000000,139,'2025-02-21',1234,1,'MASTERCARD'),(8,1000000000000001,786,'2025-02-21',1234,1,'VISA'),(9,1000000000000002,429,'2025-03-01',1234,5,'MASTERCARD');
/*!40000 ALTER TABLE `credit_card` ENABLE KEYS */;
UNLOCK TABLES;

--
-- Table structure for table `payment`
--

DROP TABLE IF EXISTS `payment`;
/*!40101 SET @saved_cs_client     = @@character_set_client */;
/*!50503 SET character_set_client = utf8mb4 */;
CREATE TABLE `payment` (
  `id` int NOT NULL AUTO_INCREMENT,
  `property` bigint NOT NULL,
  `purpose` varchar(45) NOT NULL,
  PRIMARY KEY (`id`),
  UNIQUE KEY `property_UNIQUE` (`property`)
) ENGINE=InnoDB AUTO_INCREMENT=3 DEFAULT CHARSET=utf8;
/*!40101 SET character_set_client = @saved_cs_client */;

--
-- Dumping data for table `payment`
--

LOCK TABLES `payment` WRITE;
/*!40000 ALTER TABLE `payment` DISABLE KEYS */;
INSERT INTO `payment` VALUES (1,12345678,'For gas'),(2,12345677,'За світло');
/*!40000 ALTER TABLE `payment` ENABLE KEYS */;
UNLOCK TABLES;

--
-- Table structure for table `user`
--

DROP TABLE IF EXISTS `user`;
/*!40101 SET @saved_cs_client     = @@character_set_client */;
/*!50503 SET character_set_client = utf8mb4 */;
CREATE TABLE `user` (
  `id` int NOT NULL AUTO_INCREMENT,
  `username` varchar(45) NOT NULL,
  `firs_name` varchar(45) NOT NULL,
  `last_name` varchar(45) NOT NULL,
  `password` varchar(45) NOT NULL,
  `active` tinyint NOT NULL,
  `role` varchar(45) NOT NULL,
  PRIMARY KEY (`id`)
) ENGINE=InnoDB AUTO_INCREMENT=10 DEFAULT CHARSET=utf8;
/*!40101 SET character_set_client = @saved_cs_client */;

--
-- Dumping data for table `user`
--

LOCK TABLES `user` WRITE;
/*!40000 ALTER TABLE `user` DISABLE KEYS */;
INSERT INTO `user` VALUES (1,'truten.and.l@gmail.com','Asdf','Asdf','1',1,'USER'),(2,'truten.and.l@gmail','Asdf','Asdf','1',1,'USER'),(3,'truten.and.l@gmafk','dvf','dfd','2',1,'USER'),(4,'truten.and.l@gheir','dvf','dfd','123',1,'USER'),(5,'klisrij@gmm','Asfd','Adjff','123',0,'USER'),(6,'klisanj@gml.com','Asfd','As','1',1,'USER'),(7,'klisdrij@gmail.c','Андрій','Кліщ','1',1,'USER'),(9,'admin@aa.a','aa','aa','1',1,'ADMIN');
/*!40000 ALTER TABLE `user` ENABLE KEYS */;
UNLOCK TABLES;

--
-- Table structure for table `user_makes_payment`
--

DROP TABLE IF EXISTS `user_makes_payment`;
/*!40101 SET @saved_cs_client     = @@character_set_client */;
/*!50503 SET character_set_client = utf8mb4 */;
CREATE TABLE `user_makes_payment` (
  `id` int NOT NULL AUTO_INCREMENT,
  `costs` int NOT NULL,
  `time` datetime NOT NULL,
  `user_id` int NOT NULL,
  `payment_id` int NOT NULL,
  `card_id` int NOT NULL,
  PRIMARY KEY (`id`),
  UNIQUE KEY `id_UNIQUE` (`id`),
  KEY `payment_idx` (`payment_id`),
  KEY `user_idx` (`user_id`),
  KEY `card_idx` (`card_id`),
  CONSTRAINT `card` FOREIGN KEY (`card_id`) REFERENCES `credit_card` (`id`),
  CONSTRAINT `payment` FOREIGN KEY (`payment_id`) REFERENCES `payment` (`id`) ON DELETE CASCADE ON UPDATE CASCADE,
  CONSTRAINT `user` FOREIGN KEY (`user_id`) REFERENCES `user` (`id`) ON DELETE CASCADE ON UPDATE CASCADE
) ENGINE=InnoDB AUTO_INCREMENT=4 DEFAULT CHARSET=utf8;
/*!40101 SET character_set_client = @saved_cs_client */;

--
-- Dumping data for table `user_makes_payment`
--

LOCK TABLES `user_makes_payment` WRITE;
/*!40000 ALTER TABLE `user_makes_payment` DISABLE KEYS */;
INSERT INTO `user_makes_payment` VALUES (1,1,'2021-02-28 21:54:09',1,1,7),(2,11,'2021-02-28 23:19:31',9,1,9),(3,1,'2021-02-28 23:22:22',1,1,9);
/*!40000 ALTER TABLE `user_makes_payment` ENABLE KEYS */;
UNLOCK TABLES;
/*!40103 SET TIME_ZONE=@OLD_TIME_ZONE */;

/*!40101 SET SQL_MODE=@OLD_SQL_MODE */;
/*!40014 SET FOREIGN_KEY_CHECKS=@OLD_FOREIGN_KEY_CHECKS */;
/*!40014 SET UNIQUE_CHECKS=@OLD_UNIQUE_CHECKS */;
/*!40101 SET CHARACTER_SET_CLIENT=@OLD_CHARACTER_SET_CLIENT */;
/*!40101 SET CHARACTER_SET_RESULTS=@OLD_CHARACTER_SET_RESULTS */;
/*!40101 SET COLLATION_CONNECTION=@OLD_COLLATION_CONNECTION */;
/*!40111 SET SQL_NOTES=@OLD_SQL_NOTES */;

-- Dump completed on 2021-03-03  2:20:41
